BC	Barcoding Fitness (per barcoding procedure)	CI_lower	CI_upper
CCTGGAGCAGTCTAAT	0.23	-0.03500000000000014	0.46
ACGAGGCGTGTAATCA	1.13	0.9600000000000001	1.2899999999999998
GTGCCTAGACCAACTT	1.095	0.9	1.27
AGCTATACCCCAACAA	0.455	0.32	0.5750000000000001
TACAGGGGATGAAGCT_GTTGATTGGACGGATG	0.85	0.795	0.905
CCTGGAGCAGTCTAAT_CTGTGTCCAGCCTCGT	1.065	0.995	1.13
TTTGGCAACCTGGGTG_TATTGCAGTTATGCAG	1.02	0.99	1.0499999999999998
GCATCGTACACCGGAT_GATCCACAGCCTGTAT	0.975	0.92	1.0299999999999998
CATCCGTTCCTGTAGA_AGGTCGAATCCCTCTT	0.55	0.45	0.645
TGCTCCACACGAGTCC_CCTTTGGGGTGAGACC	0.905	0.8350000000000001	0.97
ATAATGAGTGCACCTT_CAAGCATACTTATATG	0.77	0.73	0.8150000000000001
GTCTTGGCTCCGATTG_TAAAGCAGAGCACATG	0.615	0.47500000000000003	0.74
TAGTTCGCCGGAGCCA_TCTCTAAAAGCGCTAA	0.11	-0.4850000000000003	0.5700000000000001
AGGGCGTCTCCAGAAT_CAGTGAGCGCCCGTCT	0.405	0.26	0.535
ATCGTTGAATACACGC_CTTGCGCTCGAATGAT	0.33	0.14500000000000002	0.5
GCCGGCCCTATACGAA_TCCTCGTGTGGTCAAT	-1.0899999999999999	-1.9499999999999997	-0.4850000000000003
TCTAAGCGTATTGGTC_ATCCAGCGCTTGGACG	0.11	0.02	0.2
AATAGTTCTGGGGACC_AAGACCCGGAAATCAG	0.5800000000000001	0.395	0.75
TAGTGACTTAGACCTG_CTTATCAACGGTGCTA	0.34	0.295	0.385
GCCGTGCCAAAGTAGG_TTGGAGATCACAAGCA	0.20500000000000002	-0.3099999999999996	0.62
ACTGTACCTGCGGGTT_TGCGCCTTGTGATGTA	0.2	0.04	0.34500000000000003
GCATAGGGGGGAGCAC_CCTGCCTGTACTGTTG	-0.5750000000000002	-1.4899999999999998	0.055
GGCGAGAACTTAATGG_GTGCTCGCAACTTTAC	0.015	-0.23500000000000032	0.24000000000000002
ATGGGGATGGCTGGCC_CCCCACTAGGTACTAT	0.185	-0.07500000000000018	0.42000000000000004
TACCTAGTTTACAGAC_AAAGATAGGGTCTCTA	0.785	0.5800000000000001	0.975
GGTGGCCTCATAGTAC_CATTAAGGGAGCGCTC	0.18000000000000002	0.005	0.34500000000000003
ACTCGATCTCGCCGCC_CGGGGAAATTGCAAAC	1.01	0.845	1.155
TACGGAGCGAACAGTT_TCTTCCGAAGTTGGAC	0.45	0.26	0.63
GGGGAAGTGTCCGGCA_TTTGTCAACCAGTAGT	0.25	-0.08499999999999996	0.54
TACTTTGCGTCGTCAA_GCTTCTGGGGAAGTAT	0.265	0.185	0.35000000000000003
AGACCTATATCGCAAT_CGCGTCAGGGTGCTAG	0.28500000000000003	-0.125	0.63
TACTTTGCGTCGTCAA_GCTTCTGGGGAAGTAT_AAAAACCCACTTCTCC	0.905	0.725	1.065
TTTGGCAACCTGGGTG_TATTGCAGTTATGCAG_TGTTAATCAGGGGGAG	1.2899999999999998	1.24	1.335
TTTGGCAACCTGGGTG_TATTGCAGTTATGCAG_TCCGATGGCTTCGAGT	1.665	1.565	1.755
ATAGAATGGCTAAAAA_AGACCAGCTTATCAGT_CCAGCTCCCTTTCCGT	0.38	0.015	0.6900000000000001
ACGCCACGCGTCTCAG_CAGGCGTCGTGGGTCA_AGATACCACGTCGCTG	1.035	0.85	1.21
TAGCACTCTGTGTCTA_CTCATGAGGACGAGGC_AGGAACTCATACGTGA	0.225	-0.33999999999999986	0.67
CAGGACTAACTCTCCG_GCCTTCGGTCAAGCCA_GAAAGACGCAGGATGC	0.765	0.535	0.97
TCTAAGCGTATTGGTC_ATCCAGCGCTTGGACG_AGATGAACCGGCCCAT	0.395	0.325	0.47000000000000003
AGCTATACCCCAACAA_CTGATTTCTGAGACTG_TACCTACAGACAATCT	0.77	0.5750000000000001	0.9500000000000001
AACCGCGATTGCATAG_GTTACAGTGGTCGTCG_TTTGAGTTAGGTGCGG	0.15	-0.5750000000000002	0.68
TTTGGCAACCTGGGTG_TATTGCAGTTATGCAG_TAGCAATAAACACGCT_TGACCGATGACCCGAC	1.5599999999999998	1.23	1.8399999999999999
TACAGGGGATGAAGCT_GTTGATTGGACGGATG_CGGTTTGGGCTCACCT_ACCGGGTAGTCGATAA	1.105	0.88	1.3099999999999998
TTTGGCAACCTGGGTG_TATTGCAGTTATGCAG_TGTCGGTAAATCTAGT_ACGGGTAAAGAGTTCG	1.5699999999999998	1.375	1.74
TACCTAGTTTACAGAC_AAAGATAGGGTCTCTA_AGTGCGGTCCCATTTC_AGAGGTAACACTCTTT	1.4949999999999999	1.265	1.7
TACAGGGGATGAAGCT_GTTGATTGGACGGATG_ATTACATATGCACGCC_ATTTCGGGGACGCGCC	1.42	1.39	1.4449999999999998
GCATCGTACACCGGAT_GATCCACAGCCTGTAT_ATCAGTAAACTTTCAA_GTGGTAATCGCTCTGA	1.375	1.3299999999999998	1.42
TACAGGGGATGAAGCT_GTTGATTGGACGGATG_ATGTGTGCATAGAGTG_ACTTTGGGCCACAGCA	0.975	0.6900000000000001	1.22
TCTAAGCGTATTGGTC_ATCCAGCGCTTGGACG_TCTCCGCTACGCGAGT_ATTGCCCGACTTTAGC	0.41500000000000004	0.25	0.5700000000000001
ATCGTTGAATACACGC_CTTGCGCTCGAATGAT_AATTAGGGTTAGCCCC_TTAACTGCGGCAGCTT	0.595	0.435	0.745
TTTGGCAACCTGGGTG_TATTGCAGTTATGCAG_CAACCACCCGCATTCA_TGAGGGAACCCCTTGA_ACGGTTATGTAACCGG	2.2199999999999998	2.14	2.295
TTTGGCAACCTGGGTG_TATTGCAGTTATGCAG_TCCGATGGCTTCGAGT_TAGATGGGTTCTGAGC_CGGCCGATCTCGACTT	1.915	1.66	2.135
TCTAAGCGTATTGGTC_ATCCAGCGCTTGGACG_TCTCCGCTACGCGAGT_ATTGCCCGACTTTAGC_TTGAATTCGCATTGGA	0.47000000000000003	0.04	0.8300000000000001
TAGTGACTTAGACCTG_CTTATCAACGGTGCTA_TGCCTCGAAGGCCTAT_CAGCAACCGCGTTACA_CCTGCCCGTGCGAGAA	1.65	1.4949999999999999	1.7999999999999998
TAGTGACTTAGACCTG_CTTATCAACGGTGCTA_CAACCTGTAATTCTGC_CCCGTAAGGTAGCTCC_TGCTATAGCAAACCCG	0.535	-0.1349999999999998	1.0399999999999998
TAGTGACTTAGACCTG_CTTATCAACGGTGCTA_AAGATTCAGCGTATAA_TACCGTCTGATCTGTA_TGCACAGCTCCCGGAC	1.45	1.25	1.63
TAGTGACTTAGACCTG_CTTATCAACGGTGCTA_AAGATTCAGCGTATAA_TACCGTCTGATCTGTA_CTGAGTAAAAGGGACT	1.6749999999999998	1.48	1.8499999999999999
TACAGGGGATGAAGCT_GTTGATTGGACGGATG_ATTACATATGCACGCC_ATTTCGGGGACGCGCC_AGAGTCAGCTAGTATT_CAACCACAACCTAAAC	1.775	1.625	1.91
TACAGGGGATGAAGCT_GTTGATTGGACGGATG_ATTACATATGCACGCC_ATTTCGGGGACGCGCC_TGGTAACCGGGTCCTT_CTATGCGCTCGGGAAA	1.645	1.515	1.77
TACAGGGGATGAAGCT_GTTGATTGGACGGATG_ATTACATATGCACGCC_ATTTCGGGGACGCGCC_TGGTAACCGGGTCCTT_TCCGCCAGTGTACTTA	2.0	1.8499999999999999	2.14
TACAGGGGATGAAGCT_GTTGATTGGACGGATG_ATTACATATGCACGCC_ATTTCGGGGACGCGCC_CTAGCTATGTTCACCC_CGGCCAACCTTCTGGA	2.23	2.1149999999999998	2.34
ATAATGAGTGCACCTT_CAAGCATACTTATATG_CTGACAGCCGAGCCCT_TTCCTGAGAAGATTGC_GACCCTCAACACATCG_GGGTCCAAAGGTAAAC	1.885	1.7149999999999999	2.045
TAGTGACTTAGACCTG_CTTATCAACGGTGCTA_CAACCTGTAATTCTGC_GGCAGGTAGACCTTCA_GAGAAGAATGGAATGA_GCAATACGTCTTAAGT	1.9649999999999999	1.41	2.395
TACAGGGGATGAAGCT_GTTGATTGGACGGATG_ATTACATATGCACGCC_ATTTCGGGGACGCGCC_AGATAAACTGATTGCT_ACCTCAATCATCCTCA	1.44	1.2049999999999998	1.65
TACAGGGGATGAAGCT_GTTGATTGGACGGATG_ATTACATATGCACGCC_ATTTCGGGGACGCGCC_TCAGGGGAGGTTCGTC_CGGACCTAGGAGAACG	1.6199999999999999	1.4949999999999999	1.7349999999999999
GCATCGTACACCGGAT_GATCCACAGCCTGTAT_ATCAGTAAACTTTCAA_GTGGTAATCGCTCTGA_TGCCGCTTCCCCGCAC_ATTAGCGCCTCCCGAT_CTGTGACATAGGCAGT	2.335	1.77	2.775
TCTAAGCGTATTGGTC_ATCCAGCGCTTGGACG_TCTCCGCTACGCGAGT_ATTGCCCGACTTTAGC_AAGCCGAGGCTATTTC_GACTAGTGGTGTGTAG_CTGGGGATTGTGGTAT	1.5699999999999998	1.3099999999999998	1.795
GCATCGTACACCGGAT_GATCCACAGCCTGTAT_ATCAGTAAACTTTCAA_GTGGTAATCGCTCTGA_TGCCGCTTCCCCGCAC_CACATAAGCATGCAGA_GTCACTGTGCCGCTAT	0.89	-0.7549999999999999	1.805
TCTAAGCGTATTGGTC_ATCCAGCGCTTGGACG_AGATGAACCGGCCCAT_GGTCTCCAAAAGCGGT_TGGCGTCGGCGCAGCC_TTGGCCGCGGGCGCAA_TTAAAAGACATCGGTA	1.6849999999999998	1.1949999999999998	2.0749999999999997
TACAGGGGATGAAGCT_GTTGATTGGACGGATG_ATTACATATGCACGCC_ATTTCGGGGACGCGCC_CTAGCTATGTTCACCC_CGGCCAACCTTCTGGA_AAAAGGCTCGTGGTGC_TTGACGGGGTATGAAA	2.985	2.4699999999999998	3.395
TACAGGGGATGAAGCT_GTTGATTGGACGGATG_ATTACATATGCACGCC_ATTTCGGGGACGCGCC_ACCTCTCGCATCCAAC_ACCAGAAATACATCTG_ACTGCGGTAACTTGTT_AAGAGGCTTGCTGGGG	2.57	1.4849999999999999	3.275
TACAGGGGATGAAGCT_GTTGATTGGACGGATG_ATTACATATGCACGCC_ATTTCGGGGACGCGCC_TCAGGGGAGGTTCGTC_CGGACCTAGGAGAACG_TGGGGGTATGAATTCG_GCTTGTAATACGTGAG	2.185	0.315	3.15
ancestor	0.0	-0.03500000000000014	0.030000000000000002
