BC	Evolution Fitness (per 10-generation interval)	CI_lower	CI_upper
CCTGGAGCAGTCTAAT	0.075	0.05000000000000001	0.09500000000000001
ACGAGGCGTGTAATCA	-0.010000000000000009	-0.030000000000000027	0.005
GTGCCTAGACCAACTT	0.0	-0.020000000000000018	0.02
AGCTATACCCCAACAA	0.065	0.05499999999999999	0.075
TACAGGGGATGAAGCT_GTTGATTGGACGGATG	0.11000000000000001	0.10500000000000001	0.11499999999999999
CCTGGAGCAGTCTAAT_CTGTGTCCAGCCTCGT	0.14500000000000002	0.14	0.15000000000000002
TTTGGCAACCTGGGTG_TATTGCAGTTATGCAG	0.1	0.09500000000000001	0.1
GCATCGTACACCGGAT_GATCCACAGCCTGTAT	0.11499999999999999	0.11499999999999999	0.12
CATCCGTTCCTGTAGA_AGGTCGAATCCCTCTT	0.11499999999999999	0.10500000000000001	0.12
TGCTCCACACGAGTCC_CCTTTGGGGTGAGACC	0.1	0.09500000000000001	0.10500000000000001
ATAATGAGTGCACCTT_CAAGCATACTTATATG	0.195	0.19	0.195
GTCTTGGCTCCGATTG_TAAAGCAGAGCACATG	0.045000000000000005	0.035	0.05499999999999999
TAGTTCGCCGGAGCCA_TCTCTAAAAGCGCTAA	0.085	0.04	0.13
AGGGCGTCTCCAGAAT_CAGTGAGCGCCCGTCT	0.09000000000000001	0.075	0.1
ATCGTTGAATACACGC_CTTGCGCTCGAATGAT	0.15000000000000002	0.135	0.165
GCCGGCCCTATACGAA_TCCTCGTGTGGTCAAT	0.14500000000000002	0.10500000000000001	0.18500000000000003
TCTAAGCGTATTGGTC_ATCCAGCGCTTGGACG	0.125	0.12	0.13
AATAGTTCTGGGGACC_AAGACCCGGAAATCAG	0.09000000000000001	0.075	0.10500000000000001
TAGTGACTTAGACCTG_CTTATCAACGGTGCTA	0.20500000000000002	0.20500000000000002	0.21000000000000002
GCCGTGCCAAAGTAGG_TTGGAGATCACAAGCA	0.085	0.045000000000000005	0.12
ACTGTACCTGCGGGTT_TGCGCCTTGTGATGTA	0.11000000000000001	0.1	0.12
GCATAGGGGGGAGCAC_CCTGCCTGTACTGTTG	0.09000000000000001	0.04	0.14
GGCGAGAACTTAATGG_GTGCTCGCAACTTTAC	0.1	0.08	0.11499999999999999
ATGGGGATGGCTGGCC_CCCCACTAGGTACTAT	0.075	0.05499999999999999	0.09500000000000001
TACCTAGTTTACAGAC_AAAGATAGGGTCTCTA	0.075	0.05499999999999999	0.09500000000000001
GGTGGCCTCATAGTAC_CATTAAGGGAGCGCTC	0.085	0.07	0.1
ACTCGATCTCGCCGCC_CGGGGAAATTGCAAAC	0.09500000000000001	0.08	0.11000000000000001
TACGGAGCGAACAGTT_TCTTCCGAAGTTGGAC	0.11499999999999999	0.09500000000000001	0.13
GGGGAAGTGTCCGGCA_TTTGTCAACCAGTAGT	0.07	0.045000000000000005	0.1
TACTTTGCGTCGTCAA_GCTTCTGGGGAAGTAT	0.14	0.135	0.15000000000000002
AGACCTATATCGCAAT_CGCGTCAGGGTGCTAG	0.085	0.05000000000000001	0.12
TACTTTGCGTCGTCAA_GCTTCTGGGGAAGTAT_AAAAACCCACTTCTCC	0.12	0.1	0.14
TTTGGCAACCTGGGTG_TATTGCAGTTATGCAG_TGTTAATCAGGGGGAG	0.14500000000000002	0.14500000000000002	0.15000000000000002
TTTGGCAACCTGGGTG_TATTGCAGTTATGCAG_TCCGATGGCTTCGAGT	0.1	0.09000000000000001	0.11000000000000001
ATAGAATGGCTAAAAA_AGACCAGCTTATCAGT_CCAGCTCCCTTTCCGT	0.18500000000000003	0.155	0.22000000000000003
ACGCCACGCGTCTCAG_CAGGCGTCGTGGGTCA_AGATACCACGTCGCTG	0.11000000000000001	0.09000000000000001	0.13
TAGCACTCTGTGTCTA_CTCATGAGGACGAGGC_AGGAACTCATACGTGA	0.135	0.09000000000000001	0.17500000000000002
CAGGACTAACTCTCCG_GCCTTCGGTCAAGCCA_GAAAGACGCAGGATGC	0.09500000000000001	0.075	0.12
TCTAAGCGTATTGGTC_ATCCAGCGCTTGGACG_AGATGAACCGGCCCAT	0.245	0.24	0.25
AGCTATACCCCAACAA_CTGATTTCTGAGACTG_TACCTACAGACAATCT	0.12	0.1	0.14
AACCGCGATTGCATAG_GTTACAGTGGTCGTCG_TTTGAGTTAGGTGCGG	0.13	0.075	0.18500000000000003
TTTGGCAACCTGGGTG_TATTGCAGTTATGCAG_TAGCAATAAACACGCT_TGACCGATGACCCGAC	0.08	0.035	0.125
TACAGGGGATGAAGCT_GTTGATTGGACGGATG_CGGTTTGGGCTCACCT_ACCGGGTAGTCGATAA	0.11000000000000001	0.085	0.13
TTTGGCAACCTGGGTG_TATTGCAGTTATGCAG_TGTCGGTAAATCTAGT_ACGGGTAAAGAGTTCG	0.075	0.05000000000000001	0.1
TACCTAGTTTACAGAC_AAAGATAGGGTCTCTA_AGTGCGGTCCCATTTC_AGAGGTAACACTCTTT	0.085	0.05499999999999999	0.11000000000000001
TACAGGGGATGAAGCT_GTTGATTGGACGGATG_ATTACATATGCACGCC_ATTTCGGGGACGCGCC	0.245	0.245	0.25
GCATCGTACACCGGAT_GATCCACAGCCTGTAT_ATCAGTAAACTTTCAA_GTGGTAATCGCTCTGA	0.245	0.24	0.245
TACAGGGGATGAAGCT_GTTGATTGGACGGATG_ATGTGTGCATAGAGTG_ACTTTGGGCCACAGCA	0.125	0.1	0.155
TCTAAGCGTATTGGTC_ATCCAGCGCTTGGACG_TCTCCGCTACGCGAGT_ATTGCCCGACTTTAGC	0.28	0.265	0.29000000000000004
ATCGTTGAATACACGC_CTTGCGCTCGAATGAT_AATTAGGGTTAGCCCC_TTAACTGCGGCAGCTT	0.195	0.18000000000000002	0.20500000000000002
TTTGGCAACCTGGGTG_TATTGCAGTTATGCAG_CAACCACCCGCATTCA_TGAGGGAACCCCTTGA_ACGGTTATGTAACCGG	0.29500000000000004	0.29000000000000004	0.305
TTTGGCAACCTGGGTG_TATTGCAGTTATGCAG_TCCGATGGCTTCGAGT_TAGATGGGTTCTGAGC_CGGCCGATCTCGACTT	0.125	0.09000000000000001	0.16
TCTAAGCGTATTGGTC_ATCCAGCGCTTGGACG_TCTCCGCTACGCGAGT_ATTGCCCGACTTTAGC_TTGAATTCGCATTGGA	0.31	0.275	0.34
TAGTGACTTAGACCTG_CTTATCAACGGTGCTA_TGCCTCGAAGGCCTAT_CAGCAACCGCGTTACA_CCTGCCCGTGCGAGAA	0.2	0.18500000000000003	0.22000000000000003
TAGTGACTTAGACCTG_CTTATCAACGGTGCTA_CAACCTGTAATTCTGC_CCCGTAAGGTAGCTCC_TGCTATAGCAAACCCG	0.28	0.22499999999999998	0.33
TAGTGACTTAGACCTG_CTTATCAACGGTGCTA_AAGATTCAGCGTATAA_TACCGTCTGATCTGTA_TGCACAGCTCCCGGAC	0.245	0.22499999999999998	0.26
TAGTGACTTAGACCTG_CTTATCAACGGTGCTA_AAGATTCAGCGTATAA_TACCGTCTGATCTGTA_CTGAGTAAAAGGGACT	0.255	0.235	0.27
TACAGGGGATGAAGCT_GTTGATTGGACGGATG_ATTACATATGCACGCC_ATTTCGGGGACGCGCC_AGAGTCAGCTAGTATT_CAACCACAACCTAAAC	0.25	0.235	0.26
TACAGGGGATGAAGCT_GTTGATTGGACGGATG_ATTACATATGCACGCC_ATTTCGGGGACGCGCC_TGGTAACCGGGTCCTT_CTATGCGCTCGGGAAA	0.245	0.22999999999999998	0.255
TACAGGGGATGAAGCT_GTTGATTGGACGGATG_ATTACATATGCACGCC_ATTTCGGGGACGCGCC_TGGTAACCGGGTCCTT_TCCGCCAGTGTACTTA	0.33	0.315	0.34
TACAGGGGATGAAGCT_GTTGATTGGACGGATG_ATTACATATGCACGCC_ATTTCGGGGACGCGCC_CTAGCTATGTTCACCC_CGGCCAACCTTCTGGA	0.21000000000000002	0.2	0.22499999999999998
ATAATGAGTGCACCTT_CAAGCATACTTATATG_CTGACAGCCGAGCCCT_TTCCTGAGAAGATTGC_GACCCTCAACACATCG_GGGTCCAAAGGTAAAC	0.30000000000000004	0.29000000000000004	0.315
TAGTGACTTAGACCTG_CTTATCAACGGTGCTA_CAACCTGTAATTCTGC_GGCAGGTAGACCTTCA_GAGAAGAATGGAATGA_GCAATACGTCTTAAGT	0.30000000000000004	0.245	0.35000000000000003
TACAGGGGATGAAGCT_GTTGATTGGACGGATG_ATTACATATGCACGCC_ATTTCGGGGACGCGCC_AGATAAACTGATTGCT_ACCTCAATCATCCTCA	0.34500000000000003	0.33	0.36000000000000004
TACAGGGGATGAAGCT_GTTGATTGGACGGATG_ATTACATATGCACGCC_ATTTCGGGGACGCGCC_TCAGGGGAGGTTCGTC_CGGACCTAGGAGAACG	0.29000000000000004	0.28	0.30000000000000004
GCATCGTACACCGGAT_GATCCACAGCCTGTAT_ATCAGTAAACTTTCAA_GTGGTAATCGCTCTGA_TGCCGCTTCCCCGCAC_ATTAGCGCCTCCCGAT_CTGTGACATAGGCAGT	0.2	0.15000000000000002	0.25
TCTAAGCGTATTGGTC_ATCCAGCGCTTGGACG_TCTCCGCTACGCGAGT_ATTGCCCGACTTTAGC_AAGCCGAGGCTATTTC_GACTAGTGGTGTGTAG_CTGGGGATTGTGGTAT	0.45999999999999996	0.44999999999999996	0.475
GCATCGTACACCGGAT_GATCCACAGCCTGTAT_ATCAGTAAACTTTCAA_GTGGTAATCGCTCTGA_TGCCGCTTCCCCGCAC_CACATAAGCATGCAGA_GTCACTGTGCCGCTAT	0.4	0.325	0.47
TCTAAGCGTATTGGTC_ATCCAGCGCTTGGACG_AGATGAACCGGCCCAT_GGTCTCCAAAAGCGGT_TGGCGTCGGCGCAGCC_TTGGCCGCGGGCGCAA_TTAAAAGACATCGGTA	0.34	0.31	0.375
TACAGGGGATGAAGCT_GTTGATTGGACGGATG_ATTACATATGCACGCC_ATTTCGGGGACGCGCC_CTAGCTATGTTCACCC_CGGCCAACCTTCTGGA_AAAAGGCTCGTGGTGC_TTGACGGGGTATGAAA	0.2	0.14	0.255
TACAGGGGATGAAGCT_GTTGATTGGACGGATG_ATTACATATGCACGCC_ATTTCGGGGACGCGCC_ACCTCTCGCATCCAAC_ACCAGAAATACATCTG_ACTGCGGTAACTTGTT_AAGAGGCTTGCTGGGG	0.36500000000000005	0.29500000000000004	0.42500000000000004
TACAGGGGATGAAGCT_GTTGATTGGACGGATG_ATTACATATGCACGCC_ATTTCGGGGACGCGCC_TCAGGGGAGGTTCGTC_CGGACCTAGGAGAACG_TGGGGGTATGAATTCG_GCTTGTAATACGTGAG	0.43000000000000005	0.34500000000000003	0.515
ancestor	0.0	-0.0050000000000000044	0.0
