BC	P-gtreq	P-lesseq
CCTGGAGCAGTCTAAT	1.0	0.9028
ACGAGGCGTGTAATCA	1.0	0.8467
GTGCCTAGACCAACTT	1.0	0.8913
AGCTATACCCCAACAA	0.3101	0.9475
TACAGGGGATGAAGCT_GTTGATTGGACGGATG	0.2873	0.8887
CCTGGAGCAGTCTAAT_CTGTGTCCAGCCTCGT	1.0	0.2961
TTTGGCAACCTGGGTG_TATTGCAGTTATGCAG	0.8572	0.2651
GCATCGTACACCGGAT_GATCCACAGCCTGTAT	0.8521	0.4335
CATCCGTTCCTGTAGA_AGGTCGAATCCCTCTT	1.0	0.5235
TGCTCCACACGAGTCC_CCTTTGGGGTGAGACC	1.0	0.2864
ATAATGAGTGCACCTT_CAAGCATACTTATATG	0.9892	0.0617
GTCTTGGCTCCGATTG_TAAAGCAGAGCACATG	1.0	0.7129
TAGTTCGCCGGAGCCA_TCTCTAAAAGCGCTAA	1.0	0.9674
AGGGCGTCTCCAGAAT_CAGTGAGCGCCCGTCT	1.0	0.7354
ATCGTTGAATACACGC_CTTGCGCTCGAATGAT	0.2314	0.9738
GCCGGCCCTATACGAA_TCCTCGTGTGGTCAAT	1.0	0.9789
TCTAAGCGTATTGGTC_ATCCAGCGCTTGGACG	0.2799	0.9093
AATAGTTCTGGGGACC_AAGACCCGGAAATCAG	1.0	0.7981
TAGTGACTTAGACCTG_CTTATCAACGGTGCTA	0.4352	0.7324
GCCGTGCCAAAGTAGG_TTGGAGATCACAAGCA	1.0	0.967
ACTGTACCTGCGGGTT_TGCGCCTTGTGATGTA	1.0	0.7155
GCATAGGGGGGAGCAC_CCTGCCTGTACTGTTG	1.0	0.9847
GGCGAGAACTTAATGG_GTGCTCGCAACTTTAC	1.0	0.8667
ATGGGGATGGCTGGCC_CCCCACTAGGTACTAT	1.0	0.8782
TACCTAGTTTACAGAC_AAAGATAGGGTCTCTA	0.1453	0.9904
GGTGGCCTCATAGTAC_CATTAAGGGAGCGCTC	1.0	0.7721
ACTCGATCTCGCCGCC_CGGGGAAATTGCAAAC	1.0	0.7903
TACGGAGCGAACAGTT_TCTTCCGAAGTTGGAC	1.0	0.8188
GGGGAAGTGTCCGGCA_TTTGTCAACCAGTAGT	1.0	0.9299
TACTTTGCGTCGTCAA_GCTTCTGGGGAAGTAT	0.6842	0.683
AGACCTATATCGCAAT_CGCGTCAGGGTGCTAG	1.0	0.9528
TACTTTGCGTCGTCAA_GCTTCTGGGGAAGTAT_AAAAACCCACTTCTCC	1.0	0.8274
TTTGGCAACCTGGGTG_TATTGCAGTTATGCAG_TGTTAATCAGGGGGAG	1.0	0.0744
TTTGGCAACCTGGGTG_TATTGCAGTTATGCAG_TCCGATGGCTTCGAGT	0.4143	0.9001
ATAGAATGGCTAAAAA_AGACCAGCTTATCAGT_CCAGCTCCCTTTCCGT	1.0	0.9219
ACGCCACGCGTCTCAG_CAGGCGTCGTGGGTCA_AGATACCACGTCGCTG	1.0	0.8338
TAGCACTCTGTGTCTA_CTCATGAGGACGAGGC_AGGAACTCATACGTGA	1.0	0.9675
CAGGACTAACTCTCCG_GCCTTCGGTCAAGCCA_GAAAGACGCAGGATGC	1.0	0.8788
TCTAAGCGTATTGGTC_ATCCAGCGCTTGGACG_AGATGAACCGGCCCAT	0.8654	0.417
AGCTATACCCCAACAA_CTGATTTCTGAGACTG_TACCTACAGACAATCT	1.0	0.8499
AACCGCGATTGCATAG_GTTACAGTGGTCGTCG_TTTGAGTTAGGTGCGG	1.0	0.9787
TTTGGCAACCTGGGTG_TATTGCAGTTATGCAG_TAGCAATAAACACGCT_TGACCGATGACCCGAC	1.0	0.9527
TACAGGGGATGAAGCT_GTTGATTGGACGGATG_CGGTTTGGGCTCACCT_ACCGGGTAGTCGATAA	1.0	0.873
TTTGGCAACCTGGGTG_TATTGCAGTTATGCAG_TGTCGGTAAATCTAGT_ACGGGTAAAGAGTTCG	1.0	0.8721
TACCTAGTTTACAGAC_AAAGATAGGGTCTCTA_AGTGCGGTCCCATTTC_AGAGGTAACACTCTTT	1.0	0.9064
TACAGGGGATGAAGCT_GTTGATTGGACGGATG_ATTACATATGCACGCC_ATTTCGGGGACGCGCC	0.9784	0.048
GCATCGTACACCGGAT_GATCCACAGCCTGTAT_ATCAGTAAACTTTCAA_GTGGTAATCGCTCTGA	0.9621	0.1138
TACAGGGGATGAAGCT_GTTGATTGGACGGATG_ATGTGTGCATAGAGTG_ACTTTGGGCCACAGCA	1.0	0.9031
TCTAAGCGTATTGGTC_ATCCAGCGCTTGGACG_TCTCCGCTACGCGAGT_ATTGCCCGACTTTAGC	0.079	0.9877
ATCGTTGAATACACGC_CTTGCGCTCGAATGAT_AATTAGGGTTAGCCCC_TTAACTGCGGCAGCTT	1.0	0.7143
TTTGGCAACCTGGGTG_TATTGCAGTTATGCAG_CAACCACCCGCATTCA_TGAGGGAACCCCTTGA_ACGGTTATGTAACCGG	1.0	0.3687
TTTGGCAACCTGGGTG_TATTGCAGTTATGCAG_TCCGATGGCTTCGAGT_TAGATGGGTTCTGAGC_CGGCCGATCTCGACTT	1.0	0.9197
TCTAAGCGTATTGGTC_ATCCAGCGCTTGGACG_TCTCCGCTACGCGAGT_ATTGCCCGACTTTAGC_TTGAATTCGCATTGGA	1.0	0.915
TAGTGACTTAGACCTG_CTTATCAACGGTGCTA_TGCCTCGAAGGCCTAT_CAGCAACCGCGTTACA_CCTGCCCGTGCGAGAA	1.0	0.7555
TAGTGACTTAGACCTG_CTTATCAACGGTGCTA_CAACCTGTAATTCTGC_CCCGTAAGGTAGCTCC_TGCTATAGCAAACCCG	1.0	0.9631
TAGTGACTTAGACCTG_CTTATCAACGGTGCTA_AAGATTCAGCGTATAA_TACCGTCTGATCTGTA_TGCACAGCTCCCGGAC	1.0	0.7876
TAGTGACTTAGACCTG_CTTATCAACGGTGCTA_AAGATTCAGCGTATAA_TACCGTCTGATCTGTA_CTGAGTAAAAGGGACT	1.0	0.7812
TACAGGGGATGAAGCT_GTTGATTGGACGGATG_ATTACATATGCACGCC_ATTTCGGGGACGCGCC_AGAGTCAGCTAGTATT_CAACCACAACCTAAAC	1.0	0.7095
TACAGGGGATGAAGCT_GTTGATTGGACGGATG_ATTACATATGCACGCC_ATTTCGGGGACGCGCC_TGGTAACCGGGTCCTT_CTATGCGCTCGGGAAA	1.0	0.6076
TACAGGGGATGAAGCT_GTTGATTGGACGGATG_ATTACATATGCACGCC_ATTTCGGGGACGCGCC_TGGTAACCGGGTCCTT_TCCGCCAGTGTACTTA	1.0	0.691
TACAGGGGATGAAGCT_GTTGATTGGACGGATG_ATTACATATGCACGCC_ATTTCGGGGACGCGCC_CTAGCTATGTTCACCC_CGGCCAACCTTCTGGA	0.3225	0.9384
ATAATGAGTGCACCTT_CAAGCATACTTATATG_CTGACAGCCGAGCCCT_TTCCTGAGAAGATTGC_GACCCTCAACACATCG_GGGTCCAAAGGTAAAC	1.0	0.7569
TAGTGACTTAGACCTG_CTTATCAACGGTGCTA_CAACCTGTAATTCTGC_GGCAGGTAGACCTTCA_GAGAAGAATGGAATGA_GCAATACGTCTTAAGT	1.0	0.9771
TACAGGGGATGAAGCT_GTTGATTGGACGGATG_ATTACATATGCACGCC_ATTTCGGGGACGCGCC_AGATAAACTGATTGCT_ACCTCAATCATCCTCA	1.0	0.7776
TACAGGGGATGAAGCT_GTTGATTGGACGGATG_ATTACATATGCACGCC_ATTTCGGGGACGCGCC_TCAGGGGAGGTTCGTC_CGGACCTAGGAGAACG	0.4376	0.8892
GCATCGTACACCGGAT_GATCCACAGCCTGTAT_ATCAGTAAACTTTCAA_GTGGTAATCGCTCTGA_TGCCGCTTCCCCGCAC_ATTAGCGCCTCCCGAT_CTGTGACATAGGCAGT	1.0	0.9695
TCTAAGCGTATTGGTC_ATCCAGCGCTTGGACG_TCTCCGCTACGCGAGT_ATTGCCCGACTTTAGC_AAGCCGAGGCTATTTC_GACTAGTGGTGTGTAG_CTGGGGATTGTGGTAT	1.0	0.8065
GCATCGTACACCGGAT_GATCCACAGCCTGTAT_ATCAGTAAACTTTCAA_GTGGTAATCGCTCTGA_TGCCGCTTCCCCGCAC_CACATAAGCATGCAGA_GTCACTGTGCCGCTAT	1.0	0.9791
TCTAAGCGTATTGGTC_ATCCAGCGCTTGGACG_AGATGAACCGGCCCAT_GGTCTCCAAAAGCGGT_TGGCGTCGGCGCAGCC_TTGGCCGCGGGCGCAA_TTAAAAGACATCGGTA	1.0	0.9545
TACAGGGGATGAAGCT_GTTGATTGGACGGATG_ATTACATATGCACGCC_ATTTCGGGGACGCGCC_CTAGCTATGTTCACCC_CGGCCAACCTTCTGGA_AAAAGGCTCGTGGTGC_TTGACGGGGTATGAAA	1.0	0.9832
TACAGGGGATGAAGCT_GTTGATTGGACGGATG_ATTACATATGCACGCC_ATTTCGGGGACGCGCC_ACCTCTCGCATCCAAC_ACCAGAAATACATCTG_ACTGCGGTAACTTGTT_AAGAGGCTTGCTGGGG	1.0	0.9938
TACAGGGGATGAAGCT_GTTGATTGGACGGATG_ATTACATATGCACGCC_ATTTCGGGGACGCGCC_TCAGGGGAGGTTCGTC_CGGACCTAGGAGAACG_TGGGGGTATGAATTCG_GCTTGTAATACGTGAG	1.0	0.9915
	0.9994	0.0027
