BC	Barcoding Fitness (per barcoding interval)	CI_lower	CI_upper
AGTAAGACCTCGGGCC	0.555	0.48000000000000004	0.625
CCACGCGCGGTACGTC	0.21000000000000002	0.14500000000000002	0.275
AAACTTATGCACTCAC	0.52	0.28	0.735
TACCCGATGGCGAAGC	0.79	0.61	0.9550000000000001
TCCATTGAGAACAACT	0.305	0.25	0.35500000000000004
GCGTACAGTGGACCTT	0.81	0.47000000000000003	1.105
GCAACCCTGCAACTTC	0.2	0.125	0.28
TCTAGCGCGGCCGAAT	-0.14999999999999947	-0.35499999999999954	0.030000000000000002
TAAGGTTCAAAACTCC	-0.29000000000000004	-0.6399999999999997	0.01
TTGTCCGTCTTCGAAC	-0.03000000000000025	-0.1849999999999996	0.115
TTGACAACTCCGCCGT	0.26	0.12000000000000001	0.39
AAGTAAGCCACTCACC	0.295	0.10500000000000001	0.465
CGCGGTGGAACGGAGG_CGCAACATGTAAACTT	0.59	0.56	0.615
ACAATCCGAATGAAGG_CTTGGAACTGCGTTGA	0.5700000000000001	0.49	0.64
CGAAGCGATGCGTGTA_CGTGTAACCCTCGCAA	0.505	0.395	0.605
TGCGGCATAGTCCTCG_GTAGGTTATGCGGAAG	0.395	0.3	0.485
GTGCGGACCCCGTGAT_ATCCAAAATCTGTGAC	0.33	0.20500000000000002	0.445
CCGAGTCTTCCAACTT_GAAACGTCTCCCACCC	1.0299999999999998	0.5650000000000001	1.41
TCGACTTGGTTCAAGG_GTCGGCGAGCCAAGGA	1.105	0.615	1.4949999999999999
CCCGCAGAAAAGTAGC_CGCACCGAATTCCATC	0.91	0.55	1.22
CCTTGACCTCCGACTA_AAATCTTCCTACGCAA	0.54	0.41000000000000003	0.66
TGACGGGGCCCCGGTA_CAGGGTGAAGCGCTCG	0.71	0.275	1.0699999999999998
ACCCAACAGGTTCAAT_ACCAGAGGAGCGTATT	0.68	0.445	0.895
TGCTAAAAAGATCTAG_TGTGTTCAGGGGGCTG	0.49	0.445	0.535
GAAGCGGTACGGGATT_ACGGCGAGGCGCAGAG	0.655	0.315	0.9450000000000001
GAATAACGCTTCTTGT_AAAGCATCCACGCGGG	0.34500000000000003	0.17	0.505
AACGAGGCAGCGTTTT_CTCCTGGACACGTCTG	-2.385	-2.82	-2.025
GAGAAAACCTAGTGTG_AGCTACCAATTAAGCA	-0.9749999999999996	-1.79	-0.3949999999999996
GAAAAGAGTGACGTTT_CATTGGCTCACACAAG	0.21000000000000002	0.005	0.4
AACTTGAATAACCATG_GTATTAGGGGCACAAT	-1.395	-2.625	-0.625
TCTAGCGCGGCCGAAT_CTATGAGGTAGAAACA	-0.4349999999999996	-0.45999999999999996	-0.41000000000000014
AACCGATGTTGCCCAA_TTCTCGAAGCACGTAG	0.3	0.055	0.515
GTTAACGGCCAGTCAC_CCGTGTACACGGCCAT	-0.08499999999999996	-0.3949999999999996	0.185
TCAGGCCACGTAAGAG_CTGCGAATACGGTGTG	0.28500000000000003	0.16	0.405
GTTTGGCAAGACAGCA_TGGAGAGGGACTGAGT	-2.0	-2.775	-1.435
TAGTGGCCTCCCAGAA_CCTCTATCAATAGTTA	0.18000000000000002	-0.03500000000000014	0.375
TCTGAGCCATAAATAA_TAAGCAGCCACTGATC	-0.08499999999999996	-0.3650000000000002	0.16
GTACCAAAGAGAGCAG_CGGGAGCGCTTGGGTT	0.135	0.055	0.21000000000000002
CAATGGTCTGATCTAT_CAGTATTGTGACGCAT	0.09000000000000001	-0.17499999999999982	0.33
TTGTCATCAGCGGTAA_CACGACTGGCACTTTT	0.395	0.165	0.6
GCAACCCTGCAACTTC_CAAGGAGGGTACTTCG_ACAGCGATGTCCATCC	0.605	0.42000000000000004	0.775
CCACGCGCGGTACGTC_TGCCACACACGACGAT_TTCACTACCAATCTCC	0.51	0.295	0.7050000000000001
CCACGCGCGGTACGTC_TGCCACACACGACGAT_TATGTAGATCCAATGG	0.745	0.65	0.8350000000000001
TCCATTGAGAACAACT_ACCTAGGTCGTGGGAG_TTGTCCCTAGTTGTGT	0.405	0.28500000000000003	0.515
GTTTAATTTAATCGTG_TCCACTGCTTTAAGTG_TAACGAACACGTACGC	0.34500000000000003	0.25	0.435
CGAAGCGATGCGTGTA_CGTGTAACCCTCGCAA_TCTGTGAGATGGAGTC	0.655	0.5	0.795
TCCATTGAGAACAACT_TGCACACCCATGAGTA_CACGACATGGTAATGT	0.595	0.4	0.775
GTGCGGACCCCGTGAT_ATCCAAAATCTGTGAC_TAGATTCATAGCTGGC	0.67	0.525	0.81
CCCGCAGAAAAGTAGC_CGCACCGAATTCCATC_GGCGAAAACTTGTTGT	1.47	0.765	1.9949999999999999
CGTATGAAACCTGGGG_GGCAGGTTTTGCGCGA_ATATTCCTAGAAATTC	0.39	0.15	0.605
TAAGGTTCAAAACTCC_TAGACCTTGCCAACAT_CCTCGTGCTCCGATGG	0.07500000000000001	-0.23500000000000032	0.34
TCTAGCGCGGCCGAAT_CTATGAGGTAGAAACA_CCGGAAAGAGTACGAC	-0.47999999999999954	-0.5149999999999997	-0.4450000000000003
TTATAAACACCCTTCC_CCTGGCGTGTCGAATC_GCAAACCACGATACAT	0.33	0.1	0.54
ACTTCGGGTGTCGTAG_GAACAGTCGAAGAGTA_TGGACATAATGATAGT_ACGGGCTTATCCGGAC	-0.27499999999999947	-0.45500000000000007	-0.11000000000000032
CGCGGTGGAACGGAGG_CGCAACATGTAAACTT_AACGATGATACGTGGT_AGTATTATGCGACGCC	0.885	0.855	0.915
ACCCCAGAAAGACGCG_CGATCCGAACTACCTA_ACCCCTTATCGAGCGG_CCGTCAGCCCACAAGG	0.88	0.44	1.24
TCCATTGAGAACAACT_ACCTAGGTCGTGGGAG_AACGTTAAGTGTTCAT_GTCATTCTAAGGCCGG	1.035	0.935	1.135
CTAGAGACACGTCTAC_ATGGTATATCAATGGC_CCACTTAGTCATGACT_CTGAGAGCGCGTTTGG	1.1199999999999999	0.6900000000000001	1.47
CGCGGTGGAACGGAGG_CGCAACATGTAAACTT_CCGTGTTAGACAAAAC_AACTCTCACACACAAC	0.525	0.27	0.745
TTGCAGGGCAAGGCGC_ACGGACACCACTATAT_TTAGCTAACGAGTACC_GGGGAACAAATTGAGC	-0.6200000000000001	-2.755	0.41500000000000004
CCACGCGCGGTACGTC_TGCCACACACGACGAT_ATACGCAACTCGGTTT_ATGGCTTTAACAGCCA	0.455	0.01	0.8250000000000001
TCTAGCGCGGCCGAAT_CTATGAGGTAGAAACA_GTACAGACTGCATGCT_CTATAACAATTGCGGA	-0.6100000000000003	-0.71	-0.5099999999999998
TAAATCTTGTCAGTCA_TCTGGACCCGGTAGAG_AATAAGCAAAGTCAGT_AAGGACATACTGTCCC	-0.2999999999999998	-0.6150000000000002	-0.03000000000000025
TCCATTGAGAACAACT_TGCACACCCATGAGTA_CGGTCCCAGTTGTATG_CCAATCGCCGAGGCTT	0.55	0.19	0.86
TGCTAAAAAGATCTAG_TGTGTTCAGGGGGCTG_TGAGGGGGCCGGTTTG_ATTGTCATGCGCTAAC	0.365	0.10500000000000001	0.59
TCTAGCGCGGCCGAAT_CTATGAGGTAGAAACA_CAGGCACTCACGTTAC_GTCAGAATTCGGAAAA	-0.16500000000000004	-0.34499999999999975	0.0
TCTAGCGCGGCCGAAT_CTATGAGGTAGAAACA_GCCTACGAATACAACC_GCATGATCACCCAGCC	-0.08000000000000007	-0.21999999999999975	0.049999999999999996
TGCTAAAAAGATCTAG_TGTGTTCAGGGGGCTG_TTATCGGACAGCGTGC_CCAGCTGGTCCGCCAG_CATTGGAATCCGGGTG	0.805	0.53	1.0399999999999998
TCTAGCGCGGCCGAAT_CTATGAGGTAGAAACA_GATAGATATAGTAAGT_CCCGTGAAGGACATTT_TGAGACTGGCGCGGCA	0.495	0.295	0.675
CGCGGTGGAACGGAGG_CGCAACATGTAAACTT_TGTACCGCAATTATAC_GTTGTGTGCGCTCTCC_TGGCCGCTTGCGTGTT	1.1099999999999999	0.775	1.4
GTTTAATTTAATCGTG_TCCACTGCTTTAAGTG_TAACGAACACGTACGC_TAGCCTGAGACTGTAT_CCGGTAGGTGGGACCT	0.5700000000000001	0.47000000000000003	0.67
CGCGGTGGAACGGAGG_CGCAACATGTAAACTT_GGCCCATAGGTCATCT_GACGGGATGCTGGTAA_AGCCTACTCAATGAGG	1.255	0.9400000000000001	1.525
CGAAGCGATGCGTGTA_CGTGTAACCCTCGCAA_TCTGTGAGATGGAGTC_CGGAAGCGTTTACCTA_AGGCACAATTTCACAA	0.975	0.625	1.27
CGCGGTGGAACGGAGG_CGCAACATGTAAACTT_ACGGTCGGTCAGGTTT_TCAGGCAACAGGGAGT_CCAAGTAGTGAGCCCG	1.865	1.21	2.36
CGAAGCGATGCGTGTA_CGTGTAACCCTCGCAA_TCTGTGAGATGGAGTC_AAGACTACACACGCTC_CGAACCGACTTACTTA	1.095	0.77	1.3699999999999999
TCTAGCGCGGCCGAAT_CTATGAGGTAGAAACA_CCGGAAAGAGTACGAC_GGCGTCGGGTTAGTGT_GAGAATGCTTAAATAG	0.21000000000000002	-0.1299999999999999	0.505
CGCGGTGGAACGGAGG_CGCAACATGTAAACTT_TGCCGCTCCACCGCTA_GGACTTAAATCACTCG_CGTGAACATGAAATTT	0.71	0.47000000000000003	0.925
TCTAGCGCGGCCGAAT_CTATGAGGTAGAAACA_GCCTACGAATACAACC_GTAATCGTCGAATAAA_ATACTCACACTGCTAC	-0.07500000000000018	-0.4299999999999997	0.225
TCTAGCGCGGCCGAAT_CTATGAGGTAGAAACA_GAAGGCGGTTTGGCAT_AAAATGGGATAGGTCC_GCCCTAGTCCTTGAGC	-0.22499999999999964	-0.8449999999999998	0.25
TCTAGCGCGGCCGAAT_CTATGAGGTAGAAACA_GAAGGCGGTTTGGCAT_TGCTGCATTGTGGGAG_TCCAGTAGTGCGTCCG	-0.4249999999999998	-1.0749999999999997	0.065
TCTAGCGCGGCCGAAT_CTATGAGGTAGAAACA_GCCTACGAATACAACC_CCGGCAACCAGCTGCC_AGAATAGGTCAGGGTT	-0.875	-1.27	-0.5499999999999998
TCTAGCGCGGCCGAAT_CTATGAGGTAGAAACA_TAAGTGCGTAAGTGAG_TCAGGTCAAAAGCCAT_AGACGTCCGATCTATG	-0.1299999999999999	-0.3149999999999995	0.034999999999999996
TCTAGCGCGGCCGAAT_CTATGAGGTAGAAACA_GCCTACGAATACAACC_ATCGGTGTGCCCGCGC_TCGCAAAAGAGCCCAG	0.31	-0.019999999999999574	0.595
TCTAGCGCGGCCGAAT_CTATGAGGTAGAAACA_TTAAGAGTAAGAGAGT_ATCAGTGTAAAGCCCA_ACTGTATGCAGCGATC	-0.3049999999999997	-0.6550000000000002	-0.004999999999999893
TCTAGCGCGGCCGAAT_CTATGAGGTAGAAACA_CCGGAAAGAGTACGAC_CTAATGGGCTGATCTG_TCGAGTAAAGGAAACG	-0.3600000000000003	-0.4900000000000002	-0.23500000000000032
TCTAGCGCGGCCGAAT_CTATGAGGTAGAAACA_CCGGAAAGAGTACGAC_CTAATGGGCTGATCTG_AGGGTTCCGCAACGTC	-0.15500000000000025	-0.3849999999999998	0.055
TCTAGCGCGGCCGAAT_CTATGAGGTAGAAACA_CCGGAAAGAGTACGAC_CTAATGGGCTGATCTG_TAGTTAAATTGATGGC	-0.6049999999999995	-1.0150000000000001	-0.2599999999999998
TCTAGCGCGGCCGAAT_CTATGAGGTAGAAACA_CCGGAAAGAGTACGAC_CTAATGGGCTGATCTG_AGGGGCCGACGGTACC	-0.1899999999999995	-0.2599999999999998	-0.125
TCTAGCGCGGCCGAAT_CTATGAGGTAGAAACA_GCCTACGAATACAACC_TGAAGCTAGTTAGCGA_CGAGGACTAGAGTCAC	-0.29000000000000004	-0.6749999999999998	0.034999999999999996
TCTAGCGCGGCCGAAT_CTATGAGGTAGAAACA_GCCTACGAATACAACC_GAGTACAAGGCGAAGT_GCAGTCCGCTGGCCCT	-0.46999999999999975	-0.6150000000000002	-0.33499999999999996
TCTAGCGCGGCCGAAT_CTATGAGGTAGAAACA_GCCTACGAATACAACC_CGAACGCGGGTGGCAT_GGTAGTAATGGGTGTA	-0.3600000000000003	-1.0699999999999998	0.165
TCTAGCGCGGCCGAAT_CTATGAGGTAGAAACA_GCCTACGAATACAACC_CGAACGCGGGTGGCAT_AACAGAGATTTGTGCC	-0.4500000000000002	-0.9749999999999996	-0.03000000000000025
TCTAGCGCGGCCGAAT_CTATGAGGTAGAAACA_TTAAGAGTAAGAGAGT_ACCATCAATGCTGCGA_TTGGTTTAATCGAGTC	-0.8600000000000003	-1.4499999999999997	-0.39999999999999947
TCTAGCGCGGCCGAAT_CTATGAGGTAGAAACA_GATAGATATAGTAAGT_ATTCGGCTCATAAGGG_ATTCTGGTGGCTAAAC	-0.4500000000000002	-0.6100000000000003	-0.3049999999999997
TCTAGCGCGGCCGAAT_CTATGAGGTAGAAACA_GATAGATATAGTAAGT_CAACGAAAAATGCGAT_GGCGAGCGACTTAGAC_TAGAGAGCTCGTGATA	1.45	0.6950000000000001	2.0
GTTTAATTTAATCGTG_TCCACTGCTTTAAGTG_TAACGAACACGTACGC_TAGCCTGAGACTGTAT_CCGGTAGGTGGGACCT_GATCTCTTTGACGGAG	1.265	1.1099999999999999	1.41
TCCATTGAGAACAACT_TGCACACCCATGAGTA_GGTTGCAAGCATAGAA_GCTGTCGCGTTTCGTT_TTGCGAGGCCCGGAAT_GACTGCTGCACGTTGA	0.845	0.5750000000000001	1.085
CGCGGTGGAACGGAGG_CGCAACATGTAAACTT_TGCCGCTCCACCGCTA_ATCGACTTCCTGTGCG_CTCAAATTGCACCGAT_TTAGGCTATGCAAAAA	1.76	0.915	2.36
CGCGGTGGAACGGAGG_CGCAACATGTAAACTT_TCTACGAACGAGTAGC_ATGAAGGTCTACGTTC_AAGCACCAGCGGGTTT_TCGGACTGGGAGCTTG	0.875	0.595	1.1199999999999999
TCTAGCGCGGCCGAAT_CTATGAGGTAGAAACA_CCGGAAAGAGTACGAC_CCAACGAAGTGATTCT_GAGGGTTCTCTTAATT_ACTGTCCTATCCTAGG	1.7249999999999999	1.4349999999999998	1.98
CCACGCGCGGTACGTC_TGCCACACACGACGAT_TATGTAGATCCAATGG_AGACACATGACATCCA_CTGCTTAGACCGGTCG_AAGACTTGCCACATTC	1.1099999999999999	0.765	1.405
CGCGGTGGAACGGAGG_CGCAACATGTAAACTT_CCCACTAGGATTTCTC_ACGTATTGGCGCAGGC_CACAGCATTTTGGGAG_CTACGCACTGTCGTGG	0.595	0.14500000000000002	0.9600000000000001
TCTAGCGCGGCCGAAT_CTATGAGGTAGAAACA_GCCTACGAATACAACC_ACTGTCGTTCGTCCTG_GAGTTAGATCCTAGAC_GAATGCTGCTTTCGAC	-0.5649999999999995	-1.565	0.10500000000000001
TCTAGCGCGGCCGAAT_CTATGAGGTAGAAACA_CAGTGCTGCACACGAC_TGCTTTCCAAAGTGTT_TCTGGCCCGGGATTAT_CAGCCGGGTCGTTTTC	-0.5300000000000002	-0.9550000000000001	-0.17499999999999982
TCTAGCGCGGCCGAAT_CTATGAGGTAGAAACA_GCCTACGAATACAACC_GAGTACAAGGCGAAGT_GCAGTCCGCTGGCCCT_TCCTCTGCCGGGTCAC	0.275	-0.3049999999999997	0.725
TCTAGCGCGGCCGAAT_CTATGAGGTAGAAACA_GAAGGCGGTTTGGCAT_TGCTGCATTGTGGGAG_ACGGGTAGATCGACCA_GTGGGGAGGAAAATTC	0.16	-0.3049999999999997	0.535
TCTAGCGCGGCCGAAT_CTATGAGGTAGAAACA_CCGGAAAGAGTACGAC_CGCTGCTGGACTGTCT_CGGGGTGTAAGCATAT_TGATACCATAAGCTGA	-1.625	-2.37	-1.0749999999999997
TCCATTGAGAACAACT_TGCACACCCATGAGTA_GGTTGCAAGCATAGAA_GCTGTCGCGTTTCGTT_TTGCGAGGCCCGGAAT_GACTGCTGCACGTTGA_TATCGCCCGAATGATT	3.325	3.28	3.3649999999999998
CGCGGTGGAACGGAGG_CGCAACATGTAAACTT_AACGATGATACGTGGT_AGTATTATGCGACGCC_TGCCAGTCATGGTGTC_ACCGTGAGGCAAGGTC_TGAAATCCTGTTGGTT	0.76	-0.1200000000000001	1.375
TCTAGCGCGGCCGAAT_CTATGAGGTAGAAACA_CCGGAAAGAGTACGAC_CTAATGGGCTGATCTG_AGGGGCCGACGGTACC_GCATGAAGCCGGGAAC_TAGTCCGGCCTGAGAA	1.085	0.7000000000000001	1.41
TCTAGCGCGGCCGAAT_CTATGAGGTAGAAACA_CCGGAAAGAGTACGAC_AGGTCCCCGACTTTAA_AGCTACAGTCTGTCGC_CGCGACGTTTATATGT_GCTCCAAATTCTCTTA	0.030000000000000002	-1.6749999999999998	0.965
TCTAGCGCGGCCGAAT_CTATGAGGTAGAAACA_GTACAGACTGCATGCT_CTATAACAATTGCGGA_CTCGCCTGTCGTTTTT_CTTTAACGCCCAAAGG_TGATAGAAAGGATCCG	-2.195	-3.4299999999999997	-1.4249999999999998
TCTAGCGCGGCCGAAT_CTATGAGGTAGAAACA_GATAGATATAGTAAGT_CCCGTGAAGGACATTT_CCTGCCGAACCTACCT_GTATCCTGCCTGGTGC_CACAGTCGTGGTATGC	0.885	-0.6799999999999997	1.76
CGCGGTGGAACGGAGG_CGCAACATGTAAACTT_AACGATGATACGTGGT_AGTATTATGCGACGCC_AAACGACCTCGGCATT_CTGCATAGGTGTAGGT_GTACCAGGTATGTCGC	0.735	-0.6600000000000001	1.555
CGCGGTGGAACGGAGG_CGCAACATGTAAACTT_AACGATGATACGTGGT_AGTATTATGCGACGCC_CGGCGCGGAACTGACA_TCGTCTTCAGAAAGCG_CTGTTGGCCAAAGACC	0.845	-0.05999999999999961	1.47
TCTAGCGCGGCCGAAT_CTATGAGGTAGAAACA_CCGGAAAGAGTACGAC_CTAATGGGCTGATCTG_AGGGGCCGACGGTACC_ACTCTATGTGGGATGC_CTCTCCCGTCGGGACA	-0.19500000000000028	-0.71	0.215
CGCGGTGGAACGGAGG_CGCAACATGTAAACTT_AACGATGATACGTGGT_AGTATTATGCGACGCC_TGCCAGTCATGGTGTC_TAACCGGACGAGTTCC_AGGTTCGGTTTCGACC_CTCCCAGACGGCACTT	1.855	0.865	2.515
CGCGGTGGAACGGAGG_CGCAACATGTAAACTT_AACGATGATACGTGGT_AGTATTATGCGACGCC_GCACAAAAAGGAATAG_AGCGAACATTGCTGGG_CTACGCACCGTTGACT_CATGTCTGCATGGGCA	0.9450000000000001	-1.225	1.9849999999999999
TCTAGCGCGGCCGAAT_CTATGAGGTAGAAACA_CCGGAAAGAGTACGAC_CTAATGGGCTGATCTG_AGGGGCCGACGGTACC_ACCATAAATCACACCT_CAAGGCTGCGGTGCCT_ACGAGACAAGATACAC	-0.2549999999999999	-2.28	0.755
CGCGGTGGAACGGAGG_CGCAACATGTAAACTT_AACGATGATACGTGGT_AGTATTATGCGACGCC_TGCCAGTCATGGTGTC_CTCTTAACCGCTTGAT_CTAGATTGGAATCCAC_TCCAATCATGACGGAC	-0.14999999999999947	-2.6	0.92
TCTAGCGCGGCCGAAT_CTATGAGGTAGAAACA_CCGGAAAGAGTACGAC_CTAATGGGCTGATCTG_AGGGGCCGACGGTACC_ACTCTATGTGGGATGC_ACAAATTGAGACGATA_AAGACAATAGCAGATA	-0.8049999999999997	-2.81	0.165
TCCATTGAGAACAACT_TGCACACCCATGAGTA_GGTTGCAAGCATAGAA_GCTGTCGCGTTTCGTT_TTGCGAGGCCCGGAAT_GACTGCTGCACGTTGA_TATCGCCCGAATGATT_CTCGAAGCATAAGGCA_GTTGCACGACGAACAT	4.76	4.05	5.0
TCCATTGAGAACAACT_TGCACACCCATGAGTA_GGTTGCAAGCATAGAA_GCTGTCGCGTTTCGTT_TTGCGAGGCCCGGAAT_GACTGCTGCACGTTGA_TATCGCCCGAATGATT_CTCTGAAGTGTCGGTA_CAACCCTCGCGTGTAC	3.07	2.045	3.745
TCCATTGAGAACAACT_TGCACACCCATGAGTA_GGTTGCAAGCATAGAA_GCTGTCGCGTTTCGTT_TTGCGAGGCCCGGAAT_GACTGCTGCACGTTGA_TATCGCCCGAATGATT_CTCTGAAGTGTCGGTA_AGTTTCCCGACGGCAA	3.05	1.895	3.78
ancestor	0.0	-0.03000000000000025	0.034999999999999996
